,Cluster_11,Cluster_7
0,0,3
1,0,3
2,0,3
3,0,3
4,0,3
5,0,3
6,0,3
7,0,3
8,0,3
9,0,3
10,0,3
11,4,0
12,4,0
13,4,0
14,4,0
15,5,0
16,5,0
17,5,5
18,5,5
19,6,5
20,6,5
21,6,5
22,1,5
23,1,4
24,1,4
25,10,4
26,10,4
27,10,6
28,9,6
29,9,6
30,9,6
31,2,6
32,2,1
33,2,1
34,2,1
35,7,1
36,7,1
37,7,1
38,7,1
39,7,3
40,0,3
41,0,3
42,0,3
43,0,3
44,0,3
45,0,3
46,0,3
47,0,3
48,0,3
49,0,3
50,0,3
51,0,3
52,0,3
53,0,3
54,0,3
55,0,3
56,0,3
57,0,3
58,0,3
59,0,3
60,0,3
61,0,3
62,0,3
63,0,3
64,0,3
65,0,3
66,0,3
67,0,3
68,0,3
69,0,3
70,0,3
71,0,3
72,0,3
73,0,3
74,0,3
75,0,3
76,0,3
77,0,3
78,0,3
79,4,0
80,4,0
81,4,0
82,4,0
83,4,0
84,4,0
85,4,0
86,4,0
87,4,0
88,4,0
89,4,0
90,4,0
91,4,0
92,4,0
93,4,0
94,4,0
95,4,0
96,4,0
97,4,0
98,4,0
99,4,0
100,4,0
101,4,0
102,4,0
103,4,0
104,4,0
105,4,0
106,4,0
107,4,0
108,4,0
109,4,0
110,4,0
111,4,0
112,4,0
113,4,0
114,4,0
115,4,0
116,4,0
117,4,0
118,4,0
119,4,0
120,4,0
121,4,0
122,4,0
123,0,3
124,0,3
125,0,3
126,0,3
127,0,3
128,0,3
129,0,3
130,0,3
131,0,3
132,0,3
133,0,3
134,0,3
135,0,3
136,0,3
137,0,3
138,0,3
139,0,3
140,0,3
141,0,3
142,0,3
143,0,3
144,0,3
145,0,3
146,0,3
147,0,3
148,0,3
149,0,3
150,0,3
151,0,3
152,0,3
153,0,3
154,0,3
155,0,3
156,0,3
157,0,3
158,0,3
159,0,3
160,0,3
161,0,3
162,0,3
163,0,3
164,0,3
165,0,3
166,0,3
167,0,3
168,0,3
169,0,3
170,0,3
171,0,3
172,0,3
173,0,3
174,0,3
175,0,3
176,0,3
177,0,3
178,0,3
179,0,3
180,0,3
181,0,3
182,0,3
183,0,3
184,0,3
185,0,3
186,0,3
187,0,3
188,4,0
189,4,0
190,4,0
191,4,0
192,8,0
193,8,0
194,8,2
195,8,2
196,8,2
197,3,2
198,3,2
199,3,2
200,3,5
201,6,5
202,6,5
203,6,5
204,1,4
205,10,4
206,10,6
207,9,6
208,9,6
209,9,6
210,9,6
211,9,6
212,9,6
213,2,6
214,2,1
215,2,1
216,2,1
217,7,1
218,7,1
219,7,1
220,7,1
221,7,3
222,7,3
223,0,3
224,0,3
225,0,3
226,0,3
227,0,3
228,0,3
229,0,3
230,0,3
231,0,3
232,0,3
233,0,3
234,0,3
235,0,3
236,0,3
237,0,3
238,0,3
239,0,3
240,0,3
241,0,3
242,0,3
243,0,3
244,0,3
245,0,3
246,0,3
247,0,3
248,0,3
249,0,3
250,0,3
251,0,3
252,0,3
253,0,3
254,0,3
255,0,3
256,0,3
257,0,3
258,4,3
259,4,0
260,4,0
261,4,0
262,4,0
263,4,0
264,4,0
265,4,0
266,4,0
267,4,0
268,4,0
269,4,0
270,4,0
271,4,0
272,4,0
273,4,0
274,4,0
275,4,0
276,4,0
277,4,0
278,4,0
279,4,0
280,4,0
281,4,0
282,4,0
283,4,0
284,4,0
285,4,0
286,4,0
287,4,0
288,4,0
289,4,0
290,4,0
291,4,0
292,4,0
293,4,0
294,4,0
295,4,0
296,4,0
297,4,0
298,4,0
299,4,0
300,4,0
301,4,0
302,4,0
303,4,0
304,4,0
305,4,0
306,4,0
307,4,0
308,4,0
309,0,3
310,0,3
311,0,3
312,0,3
313,0,3
314,0,3
315,0,3
316,0,3
317,0,3
318,0,3
319,0,3
320,0,3
321,0,3
322,0,3
323,0,3
324,0,3
325,0,3
326,0,3
327,0,3
328,0,3
329,0,3
330,0,3
331,0,3
332,0,3
333,0,3
334,0,3
335,0,3
336,0,3
337,0,3
338,0,3
339,0,3
340,0,3
341,0,3
342,0,3
343,0,3
344,0,3
345,0,3
346,0,3
347,0,3
348,0,3
349,0,3
350,0,3
351,0,3
352,0,3
353,0,3
354,0,3
355,0,3
356,0,3
357,0,3
358,0,3
359,0,3
360,0,3
361,0,3
362,0,3
363,0,3
364,0,3
365,0,3
366,0,3
367,0,3
368,0,3
369,0,3
370,0,3
371,0,3
372,0,3
373,0,3
374,0,3
375,4,0
376,4,0
377,4,0
378,5,0
379,5,5
380,5,5
381,6,5
382,6,5
383,6,5
384,6,5
385,1,4
386,1,4
387,10,4
388,10,4
389,10,6
390,9,6
391,9,6
392,9,6
393,2,6
394,2,6
395,2,1
396,2,1
397,7,1
398,7,1
399,7,1
400,7,1
401,7,1
402,7,3
403,0,3
404,0,3
405,0,3
406,0,3
407,0,3
408,0,3
409,0,3
410,0,3
411,0,3
412,0,3
413,0,3
414,0,3
415,0,3
416,0,3
417,0,3
418,0,3
419,0,3
420,0,3
421,0,3
422,0,3
423,0,3
424,0,3
425,0,3
426,0,3
427,0,3
428,0,3
429,0,3
430,0,3
431,0,3
432,0,3
433,0,3
434,0,3
435,0,3
436,0,3
437,0,3
438,0,3
439,0,3
440,0,3
441,4,0
442,4,0
443,4,0
444,4,0
445,4,0
446,4,0
447,4,0
448,4,0
449,4,0
450,4,0
451,4,0
452,4,0
453,4,0
454,4,0
455,4,0
456,4,0
457,4,0
458,4,0
459,4,0
460,4,0
461,4,0
462,4,0
463,4,0
464,4,0
465,4,0
466,4,0
467,4,0
468,4,0
469,4,0
470,4,0
471,4,0
472,4,0
473,4,0
474,4,0
475,4,0
476,4,0
477,4,0
478,4,0
479,4,0
480,4,0
481,4,0
482,4,0
483,4,0
484,4,0
485,4,0
486,4,0
487,4,0
488,4,0
489,0,3
490,0,3
491,0,3
492,0,3
493,0,3
494,0,3
495,0,3
496,0,3
497,0,3
498,0,3
499,0,3
500,0,3
501,0,3
502,0,3
503,0,3
504,0,3
505,0,3
506,0,3
507,0,3
508,0,3
509,0,3
510,0,3
511,0,3
512,0,3
513,0,3
514,0,3
515,0,3
516,0,3
517,0,3
518,0,3
519,0,3
520,0,3
521,0,3
522,0,3
523,0,3
524,0,3
525,0,3
526,0,3
527,0,3
528,0,3
529,0,3
530,0,3
531,0,3
532,0,3
533,0,3
534,0,3
535,0,3
536,0,3
537,0,3
538,0,3
539,0,3
540,0,3
541,0,3
542,0,3
543,0,3
544,0,3
545,0,3
546,0,3
547,0,3
548,0,3
549,0,3
550,4,0
551,4,0
552,4,0
553,4,0
554,8,0
555,8,2
556,8,2
557,8,2
558,3,2
559,3,2
560,3,2
561,3,2
562,3,5
563,6,5
564,6,5
565,1,5
566,1,4
567,10,4
568,10,6
569,9,6
570,9,6
571,9,6
572,9,6
573,9,6
574,9,6
575,2,6
576,2,1
577,2,1
578,2,1
579,7,1
580,7,1
581,7,1
582,7,1
583,7,3
584,7,3
585,0,3
586,0,3
587,0,3
588,0,3
589,0,3
590,0,3
591,0,3
592,0,3
593,0,3
594,0,3
595,0,3
596,0,3
597,0,3
598,0,3
599,0,3
600,0,3
601,0,3
602,0,3
603,0,3
604,0,3
605,0,3
606,0,3
607,0,3
608,0,3
609,0,3
610,0,3
611,0,3
612,0,3
613,0,3
614,0,3
615,0,3
616,0,3
617,0,3
618,0,3
619,0,3
620,4,0
621,4,0
622,4,0
623,4,0
624,4,0
625,4,0
626,4,0
627,4,0
628,4,0
629,4,0
630,4,0
631,4,0
632,4,0
633,4,0
634,4,0
635,4,0
636,4,0
637,4,0
638,4,0
639,4,0
640,4,0
641,4,0
642,4,0
643,4,0
644,4,0
645,4,0
646,4,0
647,4,0
648,4,0
649,4,0
650,4,0
651,4,0
652,4,0
653,4,0
654,4,0
655,4,0
656,4,0
657,4,0
658,4,0
659,4,0
660,4,0
661,4,0
662,4,0
663,4,0
664,4,0
665,4,0
666,4,0
667,4,0
668,4,0
669,4,0
670,4,0
671,0,3
672,0,3
673,0,3
674,0,3
675,0,3
676,0,3
677,0,3
678,0,3
679,0,3
680,0,3
681,0,3
682,0,3
683,0,3
684,0,3
685,0,3
686,0,3
687,0,3
688,0,3
689,0,3
690,0,3
691,0,3
692,0,3
693,0,3
694,0,3
695,0,3
696,0,3
697,0,3
698,0,3
699,0,3
700,0,3
701,0,3
702,0,3
703,0,3
704,0,3
705,0,3
706,0,3
707,0,3
708,0,3
709,0,3
710,0,3
711,0,3
712,0,3
713,0,3
714,0,3
715,0,3
716,0,3
717,0,3
718,0,3
719,0,3
720,0,3
721,0,3
722,0,3
723,0,3
724,0,3
725,0,3
726,0,3
727,0,3
728,0,3
729,0,3
730,0,3
731,0,3
732,0,3
733,0,3
734,0,3
735,0,3
736,0,3
737,0,3
738,0,3
739,4,0
740,4,0
741,4,0
742,4,0
743,5,0
744,5,5
745,5,5
746,6,5
747,6,5
748,6,5
749,6,5
750,1,4
751,1,4
752,10,4
753,10,6
754,9,6
755,9,6
756,9,6
757,9,6
758,2,6
759,2,1
760,2,1
761,2,1
762,7,1
763,7,1
764,7,1
765,7,1
766,7,3
767,7,3
768,0,3
769,0,3
770,0,3
771,0,3
772,0,3
773,0,3
774,0,3
775,0,3
776,0,3
777,0,3
778,0,3
779,0,3
780,0,3
781,0,3
782,0,3
783,0,3
784,0,3
785,0,3
786,0,3
787,0,3
788,0,3
789,0,3
790,0,3
791,0,3
792,0,3
793,0,3
794,0,3
795,0,3
796,0,3
797,0,3
798,0,3
799,0,3
800,0,3
801,0,3
802,0,3
803,0,3
804,0,3
805,0,3
806,4,0
807,4,0
808,4,0
809,4,0
810,4,0
811,4,0
812,4,0
813,4,0
814,4,0
815,4,0
816,4,0
817,4,0
818,4,0
819,4,0
820,4,0
821,4,0
822,4,0
823,4,0
824,4,0
825,4,0
826,4,0
827,4,0
828,4,0
829,4,0
830,4,0
831,4,0
832,4,0
833,4,0
834,4,0
835,4,0
836,4,0
837,4,0
838,4,0
839,4,0
840,4,0
841,4,0
842,4,0
843,4,0
844,4,0
845,4,0
846,4,0
847,4,0
848,4,0
849,4,0
850,4,0
851,4,0
852,4,0
853,0,3
854,0,3
855,0,3
856,0,3
857,0,3
858,0,3
859,0,3
860,0,3
861,0,3
862,0,3
863,0,3
864,0,3
865,0,3
866,0,3
867,0,3
868,0,3
869,0,3
870,0,3
871,0,3
872,0,3
873,0,3
874,0,3
875,0,3
876,0,3
877,0,3
878,0,3
879,0,3
880,0,3
881,0,3
882,0,3
883,0,3
884,0,3
885,0,3
886,0,3
887,0,3
888,0,3
889,0,3
890,0,3
891,0,3
892,0,3
893,0,3
894,0,3
895,0,3
896,0,3
897,0,3
898,0,3
899,0,3
900,0,3
901,0,3
902,0,3
903,0,3
904,0,3
905,0,3
906,0,3
907,0,3
908,0,3
909,0,3
910,0,3
911,0,3
912,0,3
913,0,3
914,4,0
915,4,0
916,4,0
917,4,0
918,8,0
919,8,2
920,8,2
921,8,2
922,3,2
923,3,2
924,3,2
925,3,2
926,3,5
927,3,5
928,6,5
929,6,5
930,1,4
931,1,4
932,10,4
933,10,6
934,9,6
935,9,6
936,9,6
937,9,6
938,9,6
939,2,6
940,2,6
941,2,1
942,2,1
943,7,1
944,7,1
945,7,1
946,7,1
947,7,1
948,7,3
949,0,3
950,0,3
951,0,3
952,0,3
953,0,3
954,0,3
955,0,3
956,0,3
957,0,3
958,0,3
959,0,3
960,0,3
961,0,3
962,0,3
963,0,3
964,0,3
965,0,3
966,0,3
967,0,3
968,0,3
969,0,3
970,0,3
971,0,3
972,0,3
973,0,3
974,0,3
975,0,3
976,0,3
977,0,3
978,0,3
979,0,3
980,0,3
981,0,3
982,0,3
983,0,3
984,0,3
985,4,0
986,4,0
987,4,0
988,4,0
989,4,0
990,4,0
991,4,0
992,4,0
993,4,0
994,4,0
995,4,0
996,4,0
997,4,0
998,4,0
999,4,0
1000,4,0
1001,4,0
1002,4,0
1003,4,0
1004,4,0
1005,4,0
1006,4,0
1007,4,0
1008,4,0
1009,4,0
1010,4,0
1011,4,0
1012,4,0
1013,4,0
1014,4,0
1015,4,0
1016,4,0
1017,4,0
1018,4,0
1019,4,0
1020,4,0
1021,4,0
1022,4,0
1023,4,0
1024,4,0
1025,4,0
1026,4,0
1027,4,0
1028,4,0
1029,4,0
1030,4,0
1031,4,0
1032,4,0
1033,4,0
1034,4,0
1035,4,0
1036,4,3
1037,0,3
1038,0,3
1039,0,3
1040,0,3
1041,0,3
1042,0,3
1043,0,3
1044,0,3
1045,0,3
1046,0,3
1047,0,3
1048,0,3
1049,0,3
1050,0,3
1051,0,3
1052,0,3
1053,0,3
1054,0,3
1055,0,3
1056,0,3
1057,0,3
1058,0,3
1059,0,3
1060,0,3
1061,0,3
1062,0,3
1063,0,3
1064,0,3
1065,0,3
1066,0,3
1067,0,3
1068,0,3
1069,0,3
1070,0,3
1071,0,3
1072,0,3
1073,0,3
1074,0,3
1075,0,3
1076,0,3
1077,0,3
1078,0,3
1079,0,3
1080,0,3
1081,0,3
1082,0,3
1083,0,3
1084,0,3
1085,0,3
1086,0,3
1087,0,3
1088,0,3
1089,0,3
1090,0,3
1091,0,3
1092,0,3
1093,0,3
1094,0,3
1095,0,3
1096,0,3
1097,0,3
1098,0,3
1099,0,3
1100,0,3
1101,4,0
1102,4,0
1103,4,0
1104,4,0
1105,5,0
1106,5,5
1107,5,5
1108,6,5
1109,6,5
1110,6,5
1111,6,5
1112,1,4
1113,1,4
1114,10,4
1115,10,6
1116,9,6
1117,9,6
1118,9,6
1119,9,6
1120,2,6
1121,2,1
1122,2,1
1123,2,1
1124,7,1
1125,7,1
1126,7,1
1127,7,1
1128,7,3
1129,7,3
1130,0,3
1131,0,3
1132,0,3
1133,0,3
1134,0,3
1135,0,3
1136,0,3
1137,0,3
1138,0,3
1139,0,3
1140,0,3
1141,0,3
1142,0,3
1143,0,3
1144,0,3
1145,0,3
1146,0,3
1147,0,3
1148,0,3
1149,0,3
1150,0,3
1151,0,3
1152,0,3
1153,0,3
1154,0,3
1155,0,3
1156,0,3
1157,0,3
1158,0,3
1159,0,3
1160,0,3
1161,0,3
1162,0,3
1163,0,3
1164,0,3
1165,0,3
1166,0,3
1167,0,3
1168,4,3
1169,4,0
1170,4,0
1171,4,0
1172,4,0
1173,4,0
1174,4,0
1175,4,0
1176,4,0
1177,4,0
1178,4,0
1179,4,0
1180,4,0
1181,4,0
1182,4,0
1183,4,0
1184,4,0
1185,4,0
1186,4,0
1187,4,0
1188,4,0
1189,4,0
1190,4,0
1191,4,0
1192,4,0
1193,4,0
1194,4,0
1195,4,0
1196,4,0
1197,4,0
1198,4,0
1199,4,0
1200,4,0
1201,4,0
1202,4,0
1203,4,0
1204,4,0
1205,4,0
1206,4,0
1207,4,0
1208,4,0
1209,4,0
1210,4,0
1211,4,0
1212,4,0
1213,4,0
1214,4,0
1215,4,3
1216,0,3
1217,0,3
1218,0,3
1219,0,3
1220,0,3
1221,0,3
1222,0,3
1223,0,3
1224,0,3
1225,0,3
1226,0,3
1227,0,3
1228,0,3
1229,0,3
1230,0,3
1231,0,3
1232,0,3
1233,0,3
1234,0,3
1235,0,3
1236,0,3
1237,0,3
1238,0,3
1239,0,3
1240,0,3
1241,0,3
1242,0,3
1243,0,3
1244,0,3
1245,0,3
1246,0,3
1247,0,3
1248,0,3
1249,0,3
1250,0,3
1251,0,3
1252,0,3
1253,0,3
1254,0,3
1255,0,3
1256,0,3
1257,0,3
1258,0,3
1259,0,3
1260,0,3
1261,0,3
1262,0,3
1263,0,3
1264,0,3
1265,0,3
1266,0,3
1267,0,3
1268,0,3
1269,0,3
1270,0,3
1271,0,3
1272,0,3
1273,0,3
1274,0,3
1275,0,3
1276,0,3
1277,0,3
1278,0,3
1279,4,0
1280,4,0
1281,4,0
1282,4,0
1283,8,0
1284,8,2
1285,8,2
1286,8,2
1287,3,2
1288,3,2
1289,3,2
1290,3,5
1291,6,5
1292,6,5
1293,6,5
1294,1,4
1295,1,4
1296,10,4
1297,10,6
1298,9,6
1299,9,6
1300,9,6
1301,9,6
1302,9,6
1303,2,6
1304,2,6
1305,2,1
1306,2,1
1307,7,1
1308,7,1
1309,7,1
1310,7,1
1311,7,1
1312,7,3
1313,0,3
1314,0,3
1315,0,3
1316,0,3
1317,0,3
1318,0,3
1319,0,3
1320,0,3
1321,0,3
1322,0,3
1323,0,3
1324,0,3
1325,0,3
1326,0,3
1327,0,3
1328,0,3
1329,0,3
1330,0,3
1331,0,3
1332,0,3
1333,0,3
1334,0,3
1335,0,3
1336,0,3
1337,0,3
1338,0,3
1339,0,3
1340,0,3
1341,0,3
1342,0,3
1343,0,3
1344,0,3
1345,0,3
1346,0,3
1347,0,3
1348,0,3
1349,0,3
1350,4,0
1351,4,0
1352,4,0
1353,4,0
1354,4,0
1355,4,0
1356,4,0
1357,4,0
1358,4,0
1359,4,0
1360,4,0
1361,4,0
1362,4,0
1363,4,0
1364,4,0
1365,4,0
1366,4,0
1367,4,0
1368,4,0
1369,4,0
1370,4,0
1371,4,0
1372,4,0
1373,4,0
1374,4,0
1375,4,0
1376,4,0
1377,4,0
1378,4,0
1379,4,0
1380,4,0
1381,4,0
1382,4,0
1383,4,0
1384,4,0
1385,4,0
1386,4,0
1387,4,0
1388,4,0
1389,4,0
1390,4,0
1391,4,0
1392,4,0
1393,4,0
1394,4,0
1395,4,0
1396,4,0
1397,4,0
1398,4,0
1399,4,0
1400,0,3
1401,0,3
1402,0,3
1403,0,3
1404,0,3
1405,0,3
1406,0,3
1407,0,3
1408,0,3
1409,0,3
1410,0,3
1411,0,3
1412,0,3
1413,0,3
1414,0,3
1415,0,3
1416,0,3
1417,0,3
1418,0,3
1419,0,3
1420,0,3
1421,0,3
1422,0,3
1423,0,3
1424,0,3
1425,0,3
1426,0,3
1427,0,3
1428,0,3
1429,0,3
1430,0,3
1431,0,3
1432,0,3
1433,0,3
1434,0,3
1435,0,3
1436,0,3
1437,0,3
1438,0,3
1439,0,3
1440,0,3
1441,0,3
1442,0,3
1443,0,3
1444,0,3
1445,0,3
1446,0,3
1447,0,3
1448,0,3
1449,0,3
1450,0,3
1451,0,3
1452,0,3
1453,0,3
1454,0,3
1455,0,3
1456,0,3
1457,0,3
1458,0,3
1459,0,3
1460,0,3
1461,0,3
1462,0,3
1463,0,3
1464,0,3
1465,4,0
1466,4,0
1467,4,0
1468,5,0
1469,5,5
1470,5,5
1471,6,5
1472,6,5
1473,6,5
1474,6,5
1475,1,4
1476,1,4
1477,10,4
1478,10,4
1479,10,6
1480,9,6
1481,9,6
1482,9,6
1483,2,6
1484,2,6
1485,2,1
1486,2,1
1487,7,1
1488,7,1
1489,7,1
1490,7,1
1491,7,1
1492,7,3
1493,0,3
1494,0,3
1495,0,3
1496,0,3
1497,0,3
1498,0,3
1499,0,3
1500,0,3
1501,0,3
1502,0,3
1503,0,3
1504,0,3
1505,0,3
1506,0,3
1507,0,3
1508,0,3
1509,0,3
1510,0,3
1511,0,3
1512,0,3
1513,0,3
1514,0,3
1515,0,3
1516,0,3
1517,0,3
1518,0,3
1519,0,3
1520,0,3
1521,0,3
1522,0,3
1523,0,3
1524,0,3
1525,0,3
1526,0,3
1527,0,3
1528,0,3
1529,0,3
1530,0,3
1531,0,3
1532,4,3
1533,4,0
1534,4,0
1535,4,0
1536,4,0
1537,4,0
1538,4,0
1539,4,0
1540,4,0
1541,4,0
1542,4,0
1543,4,0
1544,4,0
1545,4,0
1546,4,0
1547,4,0
1548,4,0
1549,4,0
1550,4,0
1551,4,0
1552,4,0
1553,4,0
1554,4,0
1555,4,0
1556,4,0
1557,4,0
1558,4,0
1559,4,0
1560,4,0
1561,4,0
1562,4,0
1563,4,0
1564,4,0
1565,4,0
1566,4,0
1567,4,0
1568,4,0
1569,4,0
1570,4,0
1571,4,0
1572,4,0
1573,4,0
1574,4,0
1575,4,0
1576,4,0
1577,4,0
1578,4,0
1579,0,3
1580,0,3
1581,0,3
1582,0,3
1583,0,3
1584,0,3
1585,0,3
1586,0,3
1587,0,3
1588,0,3
1589,0,3
1590,0,3
1591,0,3
1592,0,3
1593,0,3
1594,0,3
1595,0,3
1596,0,3
1597,0,3
1598,0,3
1599,0,3
1600,0,3
1601,0,3
1602,0,3
1603,0,3
1604,0,3
1605,0,3
1606,0,3
1607,0,3
1608,0,3
1609,0,3
1610,0,3
1611,0,3
1612,0,3
1613,0,3
1614,0,3
1615,0,3
1616,0,3
1617,0,3
1618,0,3
1619,0,3
1620,0,3
1621,0,3
1622,0,3
1623,0,3
1624,0,3
1625,0,3
1626,0,3
1627,0,3
1628,0,3
1629,0,3
1630,0,3
1631,0,3
1632,0,3
1633,0,3
1634,0,3
1635,0,3
1636,0,3
1637,0,3
1638,0,3
1639,0,3
1640,0,3
1641,4,0
1642,4,0
1643,4,0
1644,8,0
1645,8,0
1646,8,2
1647,8,2
1648,8,2
1649,3,2
1650,3,2
1651,3,2
1652,3,5
1653,6,5
1654,6,5
1655,6,5
1656,1,4
1657,10,4
1658,10,6
1659,9,6
1660,9,6
1661,9,6
1662,9,6
1663,9,6
1664,9,6
1665,2,6
1666,2,1
1667,2,1
1668,2,1
1669,7,1
1670,7,1
1671,7,1
1672,7,1
1673,7,3
1674,7,3
1675,0,3
1676,0,3
1677,0,3
1678,0,3
1679,0,3
1680,0,3
1681,0,3
1682,0,3
1683,0,3
1684,0,3
1685,0,3
1686,0,3
1687,0,3
1688,0,3
1689,0,3
1690,0,3
1691,0,3
1692,0,3
1693,0,3
1694,0,3
1695,0,3
1696,0,3
1697,0,3
1698,0,3
1699,0,3
1700,0,3
1701,0,3
1702,0,3
1703,0,3
1704,0,3
1705,0,3
1706,0,3
1707,0,3
1708,0,3
1709,0,3
1710,0,3
1711,4,0
1712,4,0
1713,4,0
1714,4,0
1715,4,0
1716,4,0
1717,4,0
1718,4,0
1719,4,0
1720,4,0
1721,4,0
1722,4,0
1723,4,0
1724,4,0
1725,4,0
1726,4,0
1727,4,0
1728,4,0
1729,4,0
1730,4,0
1731,4,0
1732,4,0
1733,4,0
1734,4,0
1735,4,0
1736,4,0
1737,4,0
1738,4,0
1739,4,0
1740,4,0
1741,4,0
1742,4,0
1743,4,0
1744,4,0
1745,4,0
1746,4,0
1747,4,0
1748,4,0
1749,4,0
1750,4,0
1751,4,0
1752,4,0
1753,4,0
1754,4,0
1755,4,0
1756,4,0
1757,4,0
1758,4,0
1759,4,0
1760,4,0
1761,0,3
1762,0,3
1763,0,3
1764,0,3
1765,0,3
1766,0,3
1767,0,3
1768,0,3
1769,0,3
1770,0,3
1771,0,3
1772,0,3
1773,0,3
1774,0,3
1775,0,3
1776,0,3
1777,0,3
1778,0,3
1779,0,3
1780,0,3
1781,0,3
1782,0,3
1783,0,3
1784,0,3
1785,0,3
1786,0,3
1787,0,3
1788,0,3
1789,0,3
1790,0,3
1791,0,3
1792,0,3
1793,0,3
1794,0,3
1795,0,3
1796,0,3
1797,0,3
1798,0,3
1799,0,3
1800,0,3
1801,0,3
1802,0,3
1803,0,3
1804,0,3
1805,0,3
1806,0,3
1807,0,3
1808,0,3
1809,0,3
1810,0,3
1811,0,3
1812,0,3
1813,0,3
1814,0,3
1815,0,3
1816,0,3
1817,0,3
1818,0,3
1819,0,3
1820,0,3
1821,0,3
1822,0,3
1823,0,3
1824,0,3
1825,0,3
1826,0,3
1827,0,3
1828,0,3
1829,4,0
1830,4,0
1831,4,0
1832,4,0
1833,5,0
1834,5,5
1835,5,5
1836,6,5
1837,6,5
1838,6,5
1839,6,5
1840,1,4
1841,1,4
1842,10,4
1843,10,6
1844,9,6
1845,9,6
1846,9,6
1847,9,6
1848,2,6
1849,2,1
1850,2,1
1851,2,1
1852,7,1
1853,7,1
1854,7,1
1855,7,1
1856,7,3
1857,7,3
1858,0,3
1859,0,3
1860,0,3
1861,0,3
1862,0,3
1863,0,3
1864,0,3
1865,0,3
1866,0,3
1867,0,3
1868,0,3
1869,0,3
1870,0,3
1871,0,3
1872,0,3
1873,0,3
1874,0,3
1875,0,3
1876,0,3
1877,0,3
1878,0,3
1879,0,3
1880,0,3
1881,0,3
1882,0,3
1883,0,3
1884,0,3
1885,0,3
1886,0,3
1887,0,3
1888,0,3
1889,0,3
1890,0,3
1891,0,3
1892,0,3
1893,0,3
1894,0,3
1895,0,3
1896,4,3
1897,4,0
1898,4,0
1899,4,0
1900,4,0
1901,4,0
1902,4,0
1903,4,0
1904,4,0
1905,4,0
1906,4,0
1907,4,0
1908,4,0
1909,4,0
1910,4,0
1911,4,0
1912,4,0
1913,4,0
1914,4,0
1915,4,0
1916,4,0
1917,4,0
1918,4,0
1919,4,0
1920,4,0
1921,4,0
1922,4,0
1923,4,0
1924,4,0
1925,4,0
1926,4,0
1927,4,0
1928,4,0
1929,4,0
1930,4,0
1931,4,0
1932,4,0
1933,4,0
1934,4,0
1935,4,0
1936,4,0
1937,4,0
1938,4,0
1939,4,0
1940,4,0
1941,4,0
1942,4,0
1943,0,3
1944,0,3
1945,0,3
1946,0,3
1947,0,3
1948,0,3
1949,0,3
1950,0,3
1951,0,3
1952,0,3
1953,0,3
1954,0,3
1955,0,3
1956,0,3
1957,0,3
1958,0,3
1959,0,3
1960,0,3
1961,0,3
1962,0,3
1963,0,3
1964,0,3
1965,0,3
1966,0,3
1967,0,3
1968,0,3
1969,0,3
1970,0,3
1971,0,3
1972,0,3
1973,0,3
1974,0,3
1975,0,3
1976,0,3
1977,0,3
1978,0,3
1979,0,3
1980,0,3
1981,0,3
1982,0,3
1983,0,3
1984,0,3
1985,0,3
1986,0,3
1987,0,3
1988,0,3
1989,0,3
1990,0,3
1991,0,3
1992,0,3
1993,0,3
1994,0,3
1995,0,3
1996,0,3
1997,0,3
1998,0,3
1999,0,3
2000,0,3
2001,0,3
2002,0,3
2003,0,3
2004,4,0
2005,4,0
2006,4,0
2007,8,0
2008,8,2
2009,8,2
2010,8,2
2011,8,2
2012,3,2
2013,3,2
2014,3,2
2015,3,2
2016,3,5
2017,6,5
2018,6,5
2019,1,5
2020,1,4
2021,10,4
2022,10,6
2023,9,6
2024,9,6
2025,9,6
2026,9,6
2027,9,6
2028,9,6
2029,2,6
2030,2,1
2031,2,1
2032,2,1
2033,7,1
2034,7,1
2035,7,1
2036,7,1
2037,7,1
2038,7,3
2039,0,3
2040,0,3
2041,0,3
2042,0,3
2043,0,3
2044,0,3
2045,0,3
2046,0,3
2047,0,3
2048,0,3
2049,0,3
2050,0,3
2051,0,3
2052,0,3
2053,0,3
2054,0,3
2055,0,3
2056,0,3
2057,0,3
2058,0,3
2059,0,3
2060,0,3
2061,0,3
2062,0,3
2063,0,3
2064,0,3
2065,0,3
2066,0,3
2067,0,3
2068,0,3
2069,0,3
2070,0,3
2071,0,3
2072,0,3
2073,0,3
2074,0,3
2075,4,0
2076,4,0
2077,4,0
2078,4,0
2079,4,0
2080,4,0
2081,4,0
2082,4,0
2083,4,0
2084,4,0
2085,4,0
2086,4,0
2087,4,0
2088,4,0
2089,4,0
2090,4,0
2091,4,0
2092,4,0
2093,4,0
2094,4,0
2095,4,0
2096,4,0
2097,4,0
2098,4,0
2099,4,0
2100,4,0
2101,4,0
2102,4,0
2103,4,0
2104,4,0
2105,4,0
2106,4,0
2107,4,0
2108,4,0
2109,4,0
2110,4,0
2111,4,0
2112,4,0
2113,4,0
2114,4,0
2115,4,0
2116,4,0
2117,4,0
2118,4,0
2119,4,0
2120,4,0
2121,4,0
2122,4,0
2123,4,0
2124,4,0
2125,4,0
2126,0,3
2127,0,3
2128,0,3
2129,0,3
2130,0,3
2131,0,3
2132,0,3
2133,0,3
2134,0,3
2135,0,3
2136,0,3
2137,0,3
2138,0,3
2139,0,3
2140,0,3
2141,0,3
2142,0,3
2143,0,3
2144,0,3
2145,0,3
2146,0,3
2147,0,3
2148,0,3
2149,0,3
2150,0,3
2151,0,3
2152,0,3
2153,0,3
2154,0,3
2155,0,3
2156,0,3
2157,0,3
2158,0,3
2159,0,3
2160,0,3
2161,0,3
2162,0,3
2163,0,3
2164,0,3
2165,0,3
2166,0,3
2167,0,3
2168,0,3
2169,0,3
2170,0,3
2171,0,3
2172,0,3
2173,0,3
2174,0,3
2175,0,3
2176,0,3
2177,0,3
2178,0,3
2179,0,3
2180,0,3
2181,0,3
2182,0,3
2183,0,3
2184,0,3
2185,0,3
2186,0,3
2187,0,3
2188,0,3
2189,0,3
2190,0,3
2191,4,0
2192,4,0
2193,4,0
2194,4,0
2195,5,0
2196,5,5
2197,6,5
2198,6,5
2199,6,5
2200,6,5
2201,6,5
2202,1,4
2203,1,4
2204,10,4
2205,10,6
2206,9,6
2207,9,6
2208,9,6
2209,2,6
2210,2,6
2211,2,1
2212,2,1
2213,7,1
2214,7,1
2215,7,1
2216,7,1
2217,7,1
2218,7,3
2219,0,3
2220,0,3
2221,0,3
2222,0,3
2223,0,3
2224,0,3
2225,0,3
2226,0,3
2227,0,3
2228,0,3
2229,0,3
2230,0,3
2231,0,3
2232,0,3
2233,0,3
2234,0,3
2235,0,3
2236,0,3
2237,0,3
2238,0,3
2239,0,3
2240,0,3
2241,0,3
2242,0,3
2243,0,3
2244,0,3
2245,0,3
2246,0,3
2247,0,3
2248,0,3
2249,0,3
2250,0,3
2251,0,3
2252,0,3
2253,0,3
2254,0,3
2255,0,3
2256,0,3
2257,0,3
2258,4,0
2259,4,0
2260,4,0
2261,4,0
2262,4,0
2263,4,0
2264,4,0
2265,4,0
2266,4,0
2267,4,0
2268,4,0
2269,4,0
2270,4,0
2271,4,0
2272,4,0
2273,4,0
2274,4,0
2275,4,0
2276,4,0
2277,4,0
2278,4,0
2279,4,0
2280,4,0
2281,4,0
2282,4,0
2283,4,0
2284,4,0
2285,4,0
2286,4,0
2287,4,0
2288,4,0
2289,4,0
2290,4,0
2291,4,0
2292,4,0
2293,4,0
2294,4,0
2295,4,0
2296,4,0
2297,4,0
2298,4,0
2299,4,0
2300,4,0
2301,4,0
2302,4,0
2303,4,0
2304,4,3
2305,0,3
2306,0,3
2307,0,3
2308,0,3
2309,0,3
2310,0,3
2311,0,3
2312,0,3
2313,0,3
2314,0,3
2315,0,3
2316,0,3
2317,0,3
2318,0,3
2319,0,3
2320,0,3
2321,0,3
2322,0,3
2323,0,3
2324,0,3
2325,0,3
2326,0,3
2327,0,3
2328,0,3
2329,0,3
2330,0,3
2331,0,3
2332,0,3
2333,0,3
2334,0,3
2335,0,3
2336,0,3
2337,0,3
2338,0,3
2339,0,3
2340,0,3
2341,0,3
2342,0,3
2343,0,3
2344,0,3
2345,0,3
2346,0,3
2347,0,3
2348,0,3
2349,0,3
2350,0,3
2351,0,3
2352,0,3
2353,0,3
2354,0,3
2355,0,3
2356,0,3
2357,0,3
2358,0,3
2359,0,3
2360,0,3
2361,0,3
2362,0,3
2363,0,3
2364,0,3
2365,0,3
2366,0,3
2367,0,3
2368,0,3
2369,4,0
2370,4,0
2371,4,0
2372,8,0
2373,8,0
2374,8,2
2375,8,2
2376,8,2
2377,3,2
2378,3,2
2379,3,2
2380,3,2
2381,3,5
2382,6,5
2383,6,5
2384,6,5
2385,1,4
2386,10,4
2387,10,6
2388,9,6
2389,9,6
2390,9,6
2391,9,6
2392,9,6
2393,9,6
2394,2,6
2395,2,1
2396,2,1
2397,2,1
2398,7,1
2399,7,1
2400,7,1
2401,7,1
2402,7,3
2403,7,3
2404,0,3
2405,0,3
2406,0,3
2407,0,3
2408,0,3
2409,0,3
2410,0,3
2411,0,3
2412,0,3
2413,0,3
2414,0,3
2415,0,3
2416,0,3
2417,0,3
2418,0,3
2419,0,3
2420,0,3
2421,0,3
2422,0,3
2423,0,3
2424,0,3
2425,0,3
2426,0,3
2427,0,3
2428,0,3
2429,0,3
2430,0,3
2431,0,3
2432,0,3
2433,0,3
2434,0,3
2435,0,3
2436,0,3
2437,0,3
2438,0,3
2439,0,3
2440,4,0
2441,4,0
2442,4,0
2443,4,0
2444,4,0
2445,4,0
2446,4,0
2447,4,0
2448,4,0
2449,4,0
2450,4,0
2451,4,0
2452,4,0
2453,4,0
2454,4,0
2455,4,0
2456,4,0
2457,4,0
2458,4,0
2459,4,0
2460,4,0
2461,4,0
2462,4,0
2463,4,0
2464,4,0
2465,4,0
2466,4,0
2467,4,0
2468,4,0
2469,4,0
2470,4,0
2471,4,0
2472,4,0
2473,4,0
2474,4,0
2475,4,0
2476,4,0
2477,4,0
2478,4,0
2479,4,0
2480,4,0
2481,4,0
2482,4,0
2483,4,0
2484,4,0
2485,4,0
2486,4,0
2487,4,0
2488,4,0
2489,4,0
2490,4,0
2491,0,3
2492,0,3
2493,0,3
2494,0,3
2495,0,3
2496,0,3
2497,0,3
2498,0,3
2499,0,3
2500,0,3
2501,0,3
2502,0,3
2503,0,3
2504,0,3
2505,0,3
2506,0,3
2507,0,3
2508,0,3
2509,0,3
2510,0,3
2511,0,3
2512,0,3
2513,0,3
2514,0,3
2515,0,3
2516,0,3
2517,0,3
2518,0,3
2519,0,3
2520,0,3
2521,0,3
2522,0,3
2523,0,3
2524,0,3
2525,0,3
2526,0,3
2527,0,3
2528,0,3
2529,0,3
2530,0,3
2531,0,3
2532,0,3
2533,0,3
2534,0,3
2535,0,3
2536,0,3
2537,0,3
2538,0,3
2539,0,3
2540,0,3
2541,0,3
2542,0,3
2543,0,3
2544,0,3
2545,0,3
2546,0,3
2547,0,3
2548,0,3
2549,0,3
2550,0,3
2551,0,3
2552,0,3
2553,0,3
2554,0,3
2555,4,3
2556,4,0
2557,4,0
2558,4,0
2559,5,0
2560,5,5
2561,5,5
2562,6,5
2563,6,5
2564,6,5
2565,6,5
2566,1,4
2567,1,4
2568,10,4
2569,10,6
2570,9,6
2571,9,6
2572,9,6
2573,9,6
2574,2,6
2575,2,1
2576,2,1
2577,2,1
2578,7,1
2579,7,1
2580,7,1
2581,7,1
2582,7,3
2583,7,3
2584,0,3
2585,0,3
2586,0,3
2587,0,3
2588,0,3
2589,0,3
2590,0,3
2591,0,3
2592,0,3
2593,0,3
2594,0,3
2595,0,3
2596,0,3
2597,0,3
2598,0,3
2599,0,3
2600,0,3
2601,0,3
2602,0,3
2603,0,3
2604,0,3
2605,0,3
2606,0,3
2607,0,3
2608,0,3
2609,0,3
2610,0,3
2611,0,3
2612,0,3
2613,0,3
2614,0,3
2615,0,3
2616,0,3
2617,0,3
2618,0,3
2619,0,3
2620,0,3
2621,0,3
2622,0,3
2623,4,3
2624,4,0
2625,4,0
2626,4,0
2627,4,0
2628,4,0
2629,4,0
2630,4,0
2631,4,0
2632,4,0
2633,4,0
2634,4,0
2635,4,0
2636,4,0
2637,4,0
2638,4,0
2639,4,0
2640,4,0
2641,4,0
2642,4,0
2643,4,0
2644,4,0
2645,4,0
2646,4,0
2647,4,0
2648,4,0
2649,4,0
2650,4,0
2651,4,0
2652,4,0
2653,4,0
2654,4,0
2655,4,0
2656,4,0
2657,4,0
2658,4,0
2659,4,0
2660,4,0
2661,4,0
2662,4,0
2663,4,0
2664,4,0
2665,4,0
2666,4,0
2667,4,0
2668,4,0
2669,4,3
2670,0,3
2671,0,3
2672,0,3
2673,0,3
2674,0,3
2675,0,3
2676,0,3
2677,0,3
2678,0,3
2679,0,3
2680,0,3
2681,0,3
2682,0,3
2683,0,3
2684,0,3
2685,0,3
2686,0,3
2687,0,3
2688,0,3
2689,0,3
2690,0,3
2691,0,3
2692,0,3
2693,0,3
2694,0,3
2695,0,3
2696,0,3
2697,0,3
2698,0,3
2699,0,3
2700,0,3
2701,0,3
2702,0,3
2703,0,3
2704,0,3
2705,0,3
2706,0,3
2707,0,3
2708,0,3
2709,0,3
2710,0,3
2711,0,3
2712,0,3
2713,0,3
2714,0,3
2715,0,3
2716,0,3
2717,0,3
2718,0,3
2719,0,3
2720,0,3
2721,0,3
2722,0,3
2723,0,3
2724,0,3
2725,0,3
2726,0,3
2727,0,3
2728,0,3
2729,0,3
2730,0,3
2731,4,0
2732,4,0
2733,4,0
2734,4,0
2735,8,0
2736,8,2
2737,8,2
2738,8,2
2739,3,2
2740,3,2
2741,3,2
2742,3,2
2743,3,5
2744,6,5
2745,6,5
2746,1,4
2747,1,4
2748,10,4
2749,10,6
2750,9,6
2751,9,6
2752,9,6
2753,9,6
2754,9,6
2755,2,6
2756,2,6
2757,2,1
2758,2,1
2759,7,1
2760,7,1
2761,7,1
2762,7,1
2763,7,1
2764,7,3
2765,0,3
2766,0,3
2767,0,3
2768,0,3
2769,0,3
2770,0,3
2771,0,3
2772,0,3
2773,0,3
2774,0,3
2775,0,3
2776,0,3
2777,0,3
2778,0,3
2779,0,3
2780,0,3
2781,0,3
2782,0,3
2783,0,3
2784,0,3
2785,0,3
2786,0,3
2787,0,3
2788,0,3
2789,0,3
2790,0,3
2791,0,3
2792,0,3
2793,0,3
2794,0,3
2795,0,3
2796,0,3
2797,0,3
2798,0,3
2799,0,3
2800,0,3
2801,0,3
2802,4,3
2803,4,0
2804,4,0
2805,4,0
2806,4,0
2807,4,0
2808,4,0
2809,4,0
2810,4,0
2811,4,0
2812,4,0
2813,4,0
2814,4,0
2815,4,0
2816,4,0
2817,4,0
2818,4,0
2819,4,0
2820,4,0
2821,4,0
2822,4,0
2823,4,0
2824,4,0
2825,4,0
2826,4,0
2827,4,0
2828,4,0
2829,4,0
2830,4,0
2831,4,0
2832,4,0
2833,4,0
2834,4,0
2835,4,0
2836,4,0
2837,4,0
2838,4,0
2839,4,0
2840,4,0
2841,4,0
2842,4,0
2843,4,0
2844,4,0
2845,4,0
2846,4,0
2847,4,0
2848,4,0
2849,4,0
2850,4,0
2851,4,0
2852,0,3
2853,0,3
2854,0,3
2855,0,3
2856,0,3
2857,0,3
2858,0,3
2859,0,3
2860,0,3
2861,0,3
2862,0,3
2863,0,3
2864,0,3
2865,0,3
2866,0,3
2867,0,3
2868,0,3
2869,0,3
2870,0,3
2871,0,3
2872,0,3
2873,0,3
2874,0,3
2875,0,3
2876,0,3
2877,0,3
2878,0,3
2879,0,3
2880,0,3
2881,0,3
2882,0,3
2883,0,3
2884,0,3
2885,0,3
2886,0,3
2887,0,3
2888,0,3
2889,0,3
2890,0,3
2891,0,3
2892,0,3
2893,0,3
2894,0,3
2895,0,3
2896,0,3
2897,0,3
2898,0,3
2899,0,3
2900,0,3
2901,0,3
2902,0,3
2903,0,3
2904,0,3
2905,0,3
2906,0,3
2907,0,3
2908,0,3
2909,0,3
2910,0,3
2911,0,3
2912,0,3
2913,0,3
2914,0,3
2915,0,3
2916,0,3
2917,0,3
2918,0,3
2919,0,3
2920,4,0
2921,4,0
2922,4,0
2923,5,0
2924,5,0
2925,5,5
2926,6,5
2927,6,5
2928,6,5
2929,6,5
2930,1,5
2931,1,4
2932,1,4
2933,10,4
2934,10,6
2935,9,6
2936,9,6
2937,9,6
2938,2,6
2939,2,6
2940,2,1
2941,2,1
2942,7,1
2943,7,1
2944,7,1
2945,7,1
2946,7,1
2947,7,3
2948,0,3
2949,0,3
2950,0,3
2951,0,3
2952,0,3
2953,0,3
2954,0,3
2955,0,3
2956,0,3
2957,0,3
2958,0,3
2959,0,3
2960,0,3
2961,0,3
2962,0,3
2963,0,3
2964,0,3
2965,0,3
2966,0,3
2967,0,3
2968,0,3
2969,0,3
2970,0,3
2971,0,3
2972,0,3
2973,0,3
2974,0,3
2975,0,3
2976,0,3
2977,0,3
2978,0,3
2979,0,3
2980,0,3
2981,0,3
2982,0,3
2983,0,3
2984,0,3
2985,0,3
2986,0,3
2987,4,0
2988,4,0
2989,4,0
2990,4,0
2991,4,0
2992,4,0
2993,4,0
2994,4,0
2995,4,0
2996,4,0
2997,4,0
2998,4,0
2999,4,0
3000,4,0
3001,4,0
3002,4,0
3003,4,0
3004,4,0
3005,4,0
3006,4,0
3007,4,0
3008,4,0
3009,4,0
3010,4,0
3011,4,0
3012,4,0
3013,4,0
3014,4,0
3015,4,0
3016,4,0
3017,4,0
3018,4,0
3019,4,0
3020,4,0
3021,4,0
3022,4,0
3023,4,0
3024,4,0
3025,4,0
3026,4,0
3027,4,0
3028,4,0
3029,4,0
3030,4,0
3031,4,0
3032,4,0
3033,4,0
3034,4,3
3035,0,3
3036,0,3
3037,0,3
3038,0,3
3039,0,3
3040,0,3
3041,0,3
3042,0,3
3043,0,3
3044,0,3
3045,0,3
3046,0,3
3047,0,3
3048,0,3
3049,0,3
3050,0,3
3051,0,3
3052,0,3
3053,0,3
3054,0,3
3055,0,3
3056,0,3
3057,0,3
3058,0,3
3059,0,3
3060,0,3
3061,0,3
3062,0,3
3063,0,3
3064,0,3
3065,0,3
3066,0,3
3067,0,3
3068,0,3
3069,0,3
3070,0,3
3071,0,3
3072,0,3
3073,0,3
3074,0,3
3075,0,3
3076,0,3
3077,0,3
3078,0,3
3079,0,3
3080,0,3
3081,0,3
3082,0,3
3083,0,3
3084,0,3
3085,0,3
3086,0,3
3087,0,3
3088,0,3
3089,0,3
3090,0,3
3091,0,3
3092,0,3
3093,0,3
3094,0,3
3095,4,0
3096,4,0
3097,4,0
3098,8,0
3099,8,0
3100,8,2
3101,8,2
3102,8,2
3103,3,2
3104,3,2
3105,3,2
3106,3,5
3107,6,5
3108,6,5
3109,6,5
3110,1,4
3111,1,4
3112,10,4
3113,10,6
3114,9,6
3115,9,6
3116,9,6
3117,9,6
3118,9,6
3119,2,6
3120,2,6
3121,2,1
3122,2,1
3123,7,1
3124,7,1
3125,7,1
3126,7,1
3127,7,1
3128,7,3
3129,7,3
3130,0,3
3131,0,3
3132,0,3
3133,0,3
3134,0,3
3135,0,3
3136,0,3
3137,0,3
3138,0,3
3139,0,3
3140,0,3
3141,0,3
3142,0,3
3143,0,3
3144,0,3
3145,0,3
3146,0,3
3147,0,3
3148,0,3
3149,0,3
3150,0,3
3151,0,3
3152,0,3
3153,0,3
3154,0,3
3155,0,3
3156,0,3
3157,0,3
3158,0,3
3159,0,3
3160,0,3
3161,0,3
3162,0,3
3163,0,3
3164,0,3
3165,4,3
3166,4,0
3167,4,0
3168,4,0
3169,4,0
3170,4,0
3171,4,0
3172,4,0
3173,4,0
3174,4,0
3175,4,0
3176,4,0
3177,4,0
3178,4,0
3179,4,0
3180,4,0
3181,4,0
3182,4,0
3183,4,0
3184,4,0
3185,4,0
3186,4,0
3187,4,0
3188,4,0
3189,4,0
3190,4,0
3191,4,0
3192,4,0
3193,4,0
3194,4,0
3195,4,0
3196,4,0
3197,4,0
3198,4,0
3199,4,0
3200,4,0
3201,4,0
3202,4,0
3203,4,0
3204,4,0
3205,4,0
3206,4,0
3207,4,0
3208,4,0
3209,4,0
3210,4,0
3211,4,0
3212,4,0
3213,4,0
3214,4,0
3215,4,0
3216,4,0
3217,0,3
3218,0,3
3219,0,3
3220,0,3
3221,0,3
3222,0,3
3223,0,3
3224,0,3
3225,0,3
3226,0,3
3227,0,3
3228,0,3
3229,0,3
3230,0,3
3231,0,3
3232,0,3
3233,0,3
3234,0,3
3235,0,3
3236,0,3
3237,0,3
3238,0,3
3239,0,3
3240,0,3
3241,0,3
3242,0,3
3243,0,3
3244,0,3
3245,0,3
3246,0,3
3247,0,3
3248,0,3
3249,0,3
3250,0,3
3251,0,3
3252,0,3
3253,0,3
3254,0,3
3255,0,3
3256,0,3
3257,0,3
3258,0,3
3259,0,3
3260,0,3
3261,0,3
3262,0,3
3263,0,3
3264,0,3
3265,0,3
3266,0,3
3267,0,3
3268,0,3
3269,0,3
3270,0,3
3271,0,3
3272,0,3
3273,0,3
3274,0,3
3275,0,3
3276,0,3
3277,0,3
3278,0,3
3279,0,3
3280,0,3
3281,0,3
3282,4,0
3283,4,0
3284,4,0
3285,5,0
3286,5,5
3287,5,5
3288,6,5
3289,6,5
3290,6,5
3291,6,5
3292,1,4
3293,1,4
3294,10,4
3295,10,6
3296,9,6
3297,9,6
3298,9,6
3299,9,6
3300,2,6
3301,2,6
3302,2,1
3303,2,1
3304,7,1
3305,7,1
3306,7,1
3307,7,1
3308,7,1
3309,7,3
3310,0,3
3311,0,3
3312,0,3
3313,0,3
3314,0,3
3315,0,3
3316,0,3
3317,0,3
3318,0,3
3319,0,3
3320,0,3
3321,0,3
3322,0,3
3323,0,3
3324,0,3
3325,0,3
3326,0,3
3327,0,3
3328,0,3
3329,0,3
3330,0,3
3331,0,3
3332,0,3
3333,0,3
3334,0,3
3335,0,3
3336,0,3
3337,0,3
3338,0,3
3339,0,3
3340,0,3
3341,0,3
3342,0,3
3343,0,3
3344,0,3
3345,0,3
3346,0,3
3347,0,3
3348,4,3
3349,4,0
3350,4,0
3351,4,0
3352,4,0
3353,4,0
3354,4,0
3355,4,0
3356,4,0
3357,4,0
3358,4,0
3359,4,0
3360,4,0
3361,4,0
3362,4,0
3363,4,0
3364,4,0
3365,4,0
3366,4,0
3367,4,0
3368,4,0
3369,4,0
3370,4,0
3371,4,0
3372,4,0
3373,4,0
3374,4,0
3375,4,0
3376,4,0
3377,4,0
3378,4,0
3379,4,0
3380,4,0
3381,4,0
3382,4,0
3383,4,0
3384,4,0
3385,4,0
3386,4,0
3387,4,0
3388,4,0
3389,4,0
3390,4,0
3391,4,0
3392,4,0
3393,4,0
3394,4,0
3395,0,3
3396,0,3
3397,0,3
3398,0,3
3399,0,3
3400,0,3
3401,0,3
3402,0,3
3403,0,3
3404,0,3
3405,0,3
3406,0,3
3407,0,3
3408,0,3
3409,0,3
3410,0,3
3411,0,3
3412,0,3
3413,0,3
3414,0,3
3415,0,3
3416,0,3
3417,0,3
3418,0,3
3419,0,3
3420,0,3
3421,0,3
3422,0,3
3423,0,3
3424,0,3
3425,0,3
3426,0,3
3427,0,3
3428,0,3
3429,0,3
3430,0,3
3431,0,3
3432,0,3
3433,0,3
3434,0,3
3435,0,3
3436,0,3
3437,0,3
3438,0,3
3439,0,3
3440,0,3
3441,0,3
3442,0,3
3443,0,3
3444,0,3
3445,0,3
3446,0,3
3447,0,3
3448,0,3
3449,0,3
3450,0,3
3451,0,3
3452,0,3
3453,0,3
3454,0,3
3455,0,3
3456,0,3
3457,0,3
3458,0,3
3459,4,0
3460,4,0
3461,4,0
3462,4,0
3463,8,0
3464,8,2
3465,8,2
3466,8,2
3467,8,2
3468,3,2
3469,3,2
3470,3,2
3471,3,5
3472,6,5
3473,6,5
3474,6,5
3475,1,4
3476,1,4
3477,10,4
3478,10,6
3479,9,6
3480,9,6
3481,9,6
3482,9,6
3483,9,6
3484,2,6
3485,2,6
3486,2,1
3487,2,1
3488,7,1
3489,7,1
3490,7,1
3491,7,1
3492,7,1
3493,7,3
3494,0,3
3495,0,3
3496,0,3
3497,0,3
3498,0,3
3499,0,3
3500,0,3
3501,0,3
3502,0,3
3503,0,3
3504,0,3
3505,0,3
3506,0,3
3507,0,3
3508,0,3
3509,0,3
3510,0,3
3511,0,3
3512,0,3
3513,0,3
3514,0,3
3515,0,3
3516,0,3
3517,0,3
3518,0,3
3519,0,3
3520,0,3
3521,0,3
3522,0,3
3523,0,3
3524,0,3
3525,0,3
3526,0,3
3527,0,3
3528,0,3
3529,0,3
3530,0,3
3531,4,0
3532,4,0
3533,4,0
3534,4,0
3535,4,0
3536,4,0
3537,4,0
3538,4,0
3539,4,0
3540,4,0
3541,4,0
3542,4,0
3543,4,0
3544,4,0
3545,4,0
3546,4,0
3547,4,0
3548,4,0
3549,4,0
3550,4,0
3551,4,0
3552,4,0
3553,4,0
3554,4,0
3555,4,0
3556,4,0
3557,4,0
3558,4,0
3559,4,0
3560,4,0
3561,4,0
3562,4,0
3563,4,0
3564,4,0
3565,4,0
3566,4,0
3567,4,0
3568,4,0
3569,4,0
3570,4,0
3571,4,0
3572,4,0
3573,4,0
3574,4,0
3575,4,0
3576,4,0
3577,4,0
3578,4,0
3579,4,0
3580,4,0
3581,0,3
3582,0,3
3583,0,3
3584,0,3
3585,0,3
3586,0,3
3587,0,3
3588,0,3
3589,0,3
3590,0,3
3591,0,3
3592,0,3
3593,0,3
3594,0,3
3595,0,3
3596,0,3
3597,0,3
3598,0,3
3599,0,3
3600,0,3
3601,0,3
3602,0,3
3603,0,3
3604,0,3
3605,0,3
3606,0,3
3607,0,3
3608,0,3
3609,0,3
3610,0,3
3611,0,3
3612,0,3
3613,0,3
3614,0,3
3615,0,3
3616,0,3
3617,0,3
3618,0,3
3619,0,3
3620,0,3
3621,0,3
3622,0,3
3623,0,3
3624,0,3
3625,0,3
3626,0,3
3627,0,3
3628,0,3
3629,0,3
3630,0,3
3631,0,3
3632,0,3
3633,0,3
3634,0,3
3635,0,3
3636,0,3
3637,0,3
3638,0,3
3639,0,3
3640,0,3
3641,0,3
3642,0,3
3643,0,3
3644,0,3
3645,0,3
3646,0,3
3647,4,0
3648,4,0
3649,4,0
3650,4,0
3651,5,0
3652,5,5
3653,6,5
3654,6,5
3655,6,5
3656,6,5
3657,6,5
3658,1,4
3659,1,4
3660,10,4
3661,10,6
3662,9,6
3663,9,6
3664,9,6
3665,2,6
3666,2,6
3667,2,1
3668,2,1
3669,7,1
3670,7,1
3671,7,1
3672,7,1
3673,7,3
3674,7,3
3675,0,3
3676,0,3
3677,0,3
3678,0,3
3679,0,3
3680,0,3
3681,0,3
3682,0,3
3683,0,3
3684,0,3
3685,0,3
3686,0,3
3687,0,3
3688,0,3
3689,0,3
3690,0,3
3691,0,3
3692,0,3
3693,0,3
3694,0,3
3695,0,3
3696,0,3
3697,0,3
3698,0,3
3699,0,3
3700,0,3
3701,0,3
3702,0,3
3703,0,3
3704,0,3
3705,0,3
3706,0,3
3707,0,3
3708,0,3
3709,0,3
3710,0,3
3711,0,3
3712,0,3
3713,0,3
3714,4,3
3715,4,0
3716,4,0
3717,4,0
3718,4,0
3719,4,0
3720,4,0
3721,4,0
3722,4,0
3723,4,0
3724,4,0
3725,4,0
3726,4,0
3727,4,0
3728,4,0
3729,4,0
3730,4,0
3731,4,0
3732,4,0
3733,4,0
3734,4,0
3735,4,0
3736,4,0
3737,4,0
3738,4,0
3739,4,0
3740,4,0
3741,4,0
3742,4,0
3743,4,0
3744,4,0
3745,4,0
3746,4,0
3747,4,0
3748,4,0
3749,4,0
3750,4,0
3751,4,0
3752,4,0
3753,4,0
3754,4,0
3755,4,0
3756,4,0
3757,4,0
3758,4,0
3759,4,0
3760,4,0
3761,4,0
3762,0,3
3763,0,3
3764,0,3
3765,0,3
3766,0,3
3767,0,3
3768,0,3
3769,0,3
3770,0,3
3771,0,3
3772,0,3
3773,0,3
3774,0,3
3775,0,3
3776,0,3
3777,0,3
3778,0,3
3779,0,3
3780,0,3
3781,0,3
3782,0,3
3783,0,3
3784,0,3
3785,0,3
3786,0,3
3787,0,3
3788,0,3
3789,0,3
3790,0,3
3791,0,3
3792,0,3
3793,0,3
3794,0,3
3795,0,3
3796,0,3
3797,0,3
3798,0,3
3799,0,3
3800,0,3
3801,0,3
3802,0,3
3803,0,3
3804,0,3
3805,0,3
3806,0,3
3807,0,3
3808,0,3
3809,0,3
3810,0,3
3811,0,3
3812,0,3
3813,0,3
3814,0,3
3815,0,3
3816,0,3
3817,0,3
3818,0,3
3819,0,3
3820,0,3
3821,0,3
3822,0,3
3823,4,0
3824,4,0
3825,4,0
3826,8,0
3827,8,0
3828,8,2
3829,8,2
3830,8,2
3831,3,2
3832,3,2
3833,3,2
3834,3,2
3835,3,5
3836,6,5
3837,6,5
3838,1,5
3839,1,4
3840,10,4
3841,10,6
3842,9,6
3843,9,6
3844,9,6
3845,9,6
3846,9,6
3847,9,6
3848,2,6
3849,2,1
3850,2,1
3851,7,1
3852,7,1
3853,7,1
3854,7,1
3855,7,1
3856,7,3
3857,7,3
3858,0,3
3859,0,3
3860,0,3
3861,0,3
3862,0,3
3863,0,3
3864,0,3
3865,0,3
3866,0,3
3867,0,3
3868,0,3
3869,0,3
3870,0,3
3871,0,3
3872,0,3
3873,0,3
3874,0,3
3875,0,3
3876,0,3
3877,0,3
3878,0,3
3879,0,3
3880,0,3
3881,0,3
3882,0,3
3883,0,3
3884,0,3
3885,0,3
3886,0,3
3887,0,3
3888,0,3
3889,0,3
3890,0,3
3891,0,3
3892,0,3
3893,0,3
3894,4,3
3895,4,0
3896,4,0
3897,4,0
3898,4,0
3899,4,0
3900,4,0
3901,4,0
3902,4,0
3903,4,0
3904,4,0
3905,4,0
3906,4,0
3907,4,0
3908,4,0
3909,4,0
3910,4,0
3911,4,0
3912,4,0
3913,4,0
3914,4,0
3915,4,0
3916,4,0
3917,4,0
3918,4,0
3919,4,0
3920,4,0
3921,4,0
3922,4,0
3923,4,0
3924,4,0
3925,4,0
3926,4,0
3927,4,0
3928,4,0
3929,4,0
3930,4,0
3931,4,0
3932,4,0
3933,4,0
3934,4,0
3935,4,0
3936,4,0
3937,4,0
3938,4,0
3939,4,0
3940,4,0
3941,4,0
3942,4,0
3943,4,0
3944,4,0
3945,4,3
3946,0,3
3947,0,3
3948,0,3
3949,0,3
3950,0,3
3951,0,3
3952,0,3
3953,0,3
3954,0,3
3955,0,3
3956,0,3
3957,0,3
3958,0,3
3959,0,3
3960,0,3
3961,0,3
3962,0,3
3963,0,3
3964,0,3
3965,0,3
3966,0,3
3967,0,3
3968,0,3
3969,0,3
3970,0,3
3971,0,3
3972,0,3
3973,0,3
3974,0,3
3975,0,3
3976,0,3
3977,0,3
3978,0,3
3979,0,3
3980,0,3
3981,0,3
3982,0,3
3983,0,3
3984,0,3
3985,0,3
3986,0,3
3987,0,3
3988,0,3
3989,0,3
3990,0,3
3991,0,3
3992,0,3
3993,0,3
3994,0,3
3995,0,3
3996,0,3
3997,0,3
3998,0,3
3999,0,3
4000,0,3
4001,0,3
4002,0,3
4003,0,3
4004,0,3
4005,0,3
4006,0,3
4007,0,3
4008,0,3
4009,0,3
4010,0,3
4011,0,3
4012,4,0
4013,4,0
4014,4,0
4015,5,0
4016,5,0
4017,5,5
4018,6,5
4019,6,5
4020,6,5
4021,6,5
4022,6,5
4023,1,4
4024,1,4
4025,10,4
4026,10,6
4027,9,6
4028,9,6
4029,9,6
4030,2,6
4031,2,6
4032,2,1
4033,2,1
4034,7,1
4035,7,1
4036,7,1
4037,7,1
4038,7,3
4039,7,3
4040,0,3
4041,0,3
4042,0,3
4043,0,3
4044,0,3
4045,0,3
4046,0,3
4047,0,3
4048,0,3
4049,0,3
4050,0,3
4051,0,3
4052,0,3
4053,0,3
4054,0,3
4055,0,3
4056,0,3
4057,0,3
4058,0,3
4059,0,3
4060,0,3
4061,0,3
4062,0,3
4063,0,3
4064,0,3
4065,0,3
4066,0,3
4067,0,3
4068,0,3
4069,0,3
4070,0,3
4071,0,3
4072,0,3
4073,0,3
4074,0,3
4075,0,3
4076,0,3
4077,0,3
4078,0,3
4079,0,3
4080,4,0
4081,4,0
4082,4,0
4083,4,0
4084,4,0
4085,4,0
4086,4,0
4087,4,0
4088,4,0
4089,4,0
4090,4,0
4091,4,0
4092,4,0
4093,4,0
4094,4,0
4095,4,0
4096,4,0
4097,4,0
4098,4,0
4099,4,0
4100,4,0
4101,4,0
4102,4,0
4103,4,0
4104,4,0
4105,4,0
4106,4,0
4107,4,0
4108,4,0
4109,4,0
4110,4,0
4111,4,0
4112,4,0
4113,4,0
4114,4,0
4115,4,0
4116,4,0
4117,4,0
4118,4,0
4119,4,0
4120,4,0
4121,4,0
4122,4,0
4123,4,0
4124,4,0
4125,4,0
4126,4,3
4127,0,3
4128,0,3
4129,0,3
4130,0,3
4131,0,3
4132,0,3
4133,0,3
4134,0,3
4135,0,3
4136,0,3
4137,0,3
4138,0,3
4139,0,3
4140,0,3
4141,0,3
4142,0,3
4143,0,3
4144,0,3
4145,0,3
4146,0,3
4147,0,3
4148,0,3
4149,0,3
4150,0,3
4151,0,3
4152,0,3
4153,0,3
4154,0,3
4155,0,3
4156,0,3
4157,0,3
4158,0,3
4159,0,3
4160,0,3
4161,0,3
4162,0,3
4163,0,3
4164,0,3
4165,0,3
4166,0,3
4167,0,3
4168,0,3
4169,0,3
4170,0,3
4171,0,3
4172,0,3
4173,0,3
4174,0,3
4175,0,3
4176,0,3
4177,0,3
4178,0,3
4179,0,3
4180,0,3
4181,0,3
4182,0,3
4183,0,3
4184,0,3
4185,0,3
4186,0,3
4187,4,0
4188,4,0
4189,4,0
4190,8,0
4191,8,0
4192,8,2
4193,8,2
4194,8,2
4195,3,2
4196,3,2
4197,3,2
4198,3,5
4199,6,5
4200,6,5
4201,6,5
4202,1,4
4203,1,4
4204,10,4
4205,10,6
4206,9,6
4207,9,6
4208,9,6
4209,9,6
4210,9,6
4211,2,6
4212,2,6
4213,2,1
4214,2,1
4215,7,1
4216,7,1
4217,7,1
4218,7,1
4219,7,1
4220,7,3
4221,0,3
4222,0,3
4223,0,3
4224,0,3
4225,0,3
4226,0,3
4227,0,3
4228,0,3
4229,0,3
4230,0,3
4231,0,3
4232,0,3
4233,0,3
4234,0,3
4235,0,3
4236,0,3
4237,0,3
4238,0,3
4239,0,3
4240,0,3
4241,0,3
4242,0,3
4243,0,3
4244,0,3
4245,0,3
4246,0,3
4247,0,3
4248,0,3
4249,0,3
4250,0,3
4251,0,3
4252,0,3
4253,0,3
4254,0,3
4255,0,3
4256,0,3
4257,0,3
4258,4,0
4259,4,0
4260,4,0
4261,4,0
4262,4,0
4263,4,0
4264,4,0
4265,4,0
4266,4,0
4267,4,0
4268,4,0
4269,4,0
4270,4,0
4271,4,0
4272,4,0
4273,4,0
4274,4,0
4275,4,0
4276,4,0
4277,4,0
4278,4,0
4279,4,0
4280,4,0
4281,4,0
4282,4,0
4283,4,0
4284,4,0
4285,4,0
4286,4,0
4287,4,0
4288,4,0
4289,4,0
4290,4,0
4291,4,0
4292,4,0
4293,4,0
4294,4,0
4295,4,0
4296,4,0
4297,4,0
4298,4,0
4299,4,0
4300,4,0
4301,4,0
4302,4,0
4303,4,0
4304,4,0
4305,4,0
4306,4,0
4307,4,0
4308,4,0
4309,0,3
4310,0,3
4311,0,3
4312,0,3
4313,0,3
4314,0,3
4315,0,3
4316,0,3
4317,0,3
4318,0,3
4319,0,3
4320,0,3
4321,0,3
4322,0,3
4323,0,3
4324,0,3
4325,0,3
4326,0,3
4327,0,3
4328,0,3
4329,0,3
4330,0,3
4331,0,3
4332,0,3
4333,0,3
4334,0,3
4335,0,3
4336,0,3
4337,0,3
4338,0,3
4339,0,3
4340,0,3
4341,0,3
4342,0,3
4343,0,3
4344,0,3
4345,0,3
4346,0,3
4347,0,3
4348,0,3
4349,0,3
4350,0,3
4351,0,3
4352,0,3
4353,0,3
4354,0,3
4355,0,3
4356,0,3
4357,0,3
4358,0,3
4359,0,3
4360,0,3
4361,0,3
4362,0,3
4363,0,3
4364,0,3
4365,0,3
4366,0,3
4367,0,3
4368,0,3
4369,0,3
4370,0,3
4371,0,3
4372,0,3
4373,0,3
4374,4,0
4375,4,0
4376,4,0
4377,5,0
4378,5,5
4379,5,5
4380,6,5
4381,6,5
4382,6,5
4383,6,5
4384,1,4
4385,1,4
4386,10,4
4387,10,6
4388,9,6
4389,9,6
4390,9,6
4391,9,6
4392,2,6
4393,2,1
4394,2,1
4395,2,1
4396,7,1
4397,7,1
4398,7,1
4399,7,1
4400,7,3
4401,7,3
4402,0,3
4403,0,3
4404,0,3
4405,0,3
4406,0,3
4407,0,3
4408,0,3
4409,0,3
4410,0,3
4411,0,3
4412,0,3
4413,0,3
4414,0,3
4415,0,3
4416,0,3
4417,0,3
4418,0,3
4419,0,3
4420,0,3
4421,0,3
4422,0,3
4423,0,3
4424,0,3
4425,0,3
4426,0,3
4427,0,3
4428,0,3
4429,0,3
4430,0,3
4431,0,3
4432,0,3
4433,0,3
4434,0,3
4435,0,3
4436,0,3
4437,0,3
4438,0,3
4439,0,3
4440,4,3
4441,4,0
4442,4,0
4443,4,0
4444,4,0
4445,4,0
4446,4,0
4447,4,0
4448,4,0
4449,4,0
4450,4,0
4451,4,0
4452,4,0
4453,4,0
4454,4,0
4455,4,0
4456,4,0
4457,4,0
4458,4,0
4459,4,0
4460,4,0
4461,4,0
4462,4,0
4463,4,0
4464,4,0
4465,4,0
4466,4,0
4467,4,0
4468,4,0
4469,4,0
4470,4,0
4471,4,0
4472,4,0
4473,4,0
4474,4,0
4475,4,0
4476,4,0
4477,4,0
4478,4,0
4479,4,0
4480,4,0
4481,4,0
4482,4,0
4483,4,0
4484,4,0
4485,4,0
4486,4,0
4487,4,0
4488,0,3
4489,0,3
4490,0,3
4491,0,3
4492,0,3
4493,0,3
4494,0,3
4495,0,3
4496,0,3
4497,0,3
4498,0,3
4499,0,3
4500,0,3
4501,0,3
4502,0,3
4503,0,3
4504,0,3
4505,0,3
4506,0,3
4507,0,3
4508,0,3
4509,0,3
4510,0,3
4511,0,3
4512,0,3
4513,0,3
4514,0,3
4515,0,3
4516,0,3
4517,0,3
4518,0,3
4519,0,3
4520,0,3
4521,0,3
4522,0,3
4523,0,3
4524,0,3
4525,0,3
4526,0,3
4527,0,3
4528,0,3
4529,0,3
4530,0,3
4531,0,3
4532,0,3
4533,0,3
4534,0,3
4535,0,3
4536,0,3
4537,0,3
4538,0,3
4539,0,3
4540,0,3
4541,0,3
4542,0,3
4543,0,3
4544,0,3
4545,0,3
4546,0,3
4547,0,3
4548,0,3
4549,0,3
4550,0,3
4551,4,0
4552,4,0
4553,4,0
4554,4,0
4555,8,0
4556,8,2
4557,8,2
4558,8,2
4559,3,2
4560,3,2
4561,3,2
4562,3,5
4563,6,5
4564,6,5
4565,6,5
4566,1,4
4567,1,4
4568,10,4
4569,10,6
4570,9,6
4571,9,6
4572,9,6
4573,9,6
4574,9,6
4575,2,6
4576,2,6
4577,2,1
4578,2,1
4579,7,1
4580,7,1
4581,7,1
4582,7,1
4583,7,1
4584,7,3
4585,0,3
4586,0,3
4587,0,3
4588,0,3
4589,0,3
4590,0,3
4591,0,3
4592,0,3
4593,0,3
4594,0,3
4595,0,3
4596,0,3
4597,0,3
4598,0,3
4599,0,3
4600,0,3
4601,0,3
4602,0,3
4603,0,3
4604,0,3
4605,0,3
4606,0,3
4607,0,3
4608,0,3
4609,0,3
4610,0,3
4611,0,3
4612,0,3
4613,0,3
4614,0,3
4615,0,3
4616,0,3
4617,0,3
4618,0,3
4619,0,3
4620,0,3
4621,0,3
4622,4,3
4623,4,0
4624,4,0
4625,4,0
4626,4,0
4627,4,0
4628,4,0
4629,4,0
4630,4,0
4631,4,0
4632,4,0
4633,4,0
4634,4,0
4635,4,0
4636,4,0
4637,4,0
4638,4,0
4639,4,0
4640,4,0
4641,4,0
4642,4,0
4643,4,0
4644,4,0
4645,4,0
4646,4,0
4647,4,0
4648,4,0
4649,4,0
4650,4,0
4651,4,0
4652,4,0
4653,4,0
4654,4,0
4655,4,0
4656,4,0
4657,4,0
4658,4,0
4659,4,0
4660,4,0
4661,4,0
4662,4,0
4663,4,0
4664,4,0
4665,4,0
4666,4,0
4667,4,0
4668,4,0
4669,4,0
4670,4,0
4671,4,0
4672,0,3
4673,0,3
4674,0,3
4675,0,3
4676,0,3
4677,0,3
4678,0,3
4679,0,3
4680,0,3
4681,0,3
4682,0,3
4683,0,3
4684,0,3
4685,0,3
4686,0,3
4687,0,3
4688,0,3
4689,0,3
4690,0,3
4691,0,3
4692,0,3
4693,0,3
4694,0,3
4695,0,3
4696,0,3
4697,0,3
4698,0,3
4699,0,3
4700,0,3
4701,0,3
4702,0,3
4703,0,3
4704,0,3
4705,0,3
4706,0,3
4707,0,3
4708,0,3
4709,0,3
4710,0,3
4711,0,3
4712,0,3
4713,0,3
4714,0,3
4715,0,3
4716,0,3
4717,0,3
4718,0,3
4719,0,3
4720,0,3
4721,0,3
4722,0,3
4723,0,3
4724,0,3
4725,0,3
4726,0,3
4727,0,3
4728,0,3
4729,0,3
4730,0,3
4731,0,3
4732,0,3
4733,0,3
4734,0,3
4735,0,3
4736,0,3
4737,4,0
4738,4,0
4739,4,0
4740,4,0
4741,5,0
4742,5,5
4743,5,5
4744,6,5
4745,6,5
4746,6,5
4747,6,5
4748,1,4
4749,1,4
4750,10,4
4751,10,6
4752,9,6
4753,9,6
4754,9,6
4755,9,6
4756,2,6
4757,2,1
4758,2,1
4759,2,1
4760,7,1
4761,7,1
4762,7,1
4763,7,1
4764,7,1
4765,7,3
4766,0,3
4767,0,3
4768,0,3
4769,0,3
4770,0,3
4771,0,3
4772,0,3
4773,0,3
4774,0,3
4775,0,3
4776,0,3
4777,0,3
4778,0,3
4779,0,3
4780,0,3
4781,0,3
4782,0,3
4783,0,3
4784,0,3
4785,0,3
4786,0,3
4787,0,3
4788,0,3
4789,0,3
4790,0,3
4791,0,3
4792,0,3
4793,0,3
4794,0,3
4795,0,3
4796,0,3
4797,0,3
4798,0,3
4799,0,3
4800,0,3
4801,0,3
4802,0,3
4803,0,3
4804,4,3
4805,4,0
4806,4,0
4807,4,0
4808,4,0
4809,4,0
4810,4,0
4811,4,0
4812,4,0
4813,4,0
4814,4,0
4815,4,0
4816,4,0
4817,4,0
4818,4,0
4819,4,0
4820,4,0
4821,4,0
4822,4,0
4823,4,0
4824,4,0
4825,4,0
4826,4,0
4827,4,0
4828,4,0
4829,4,0
4830,4,0
4831,4,0
4832,4,0
4833,4,0
4834,4,0
4835,4,0
4836,4,0
4837,4,0
4838,4,0
4839,4,0
4840,4,0
4841,4,0
4842,4,0
4843,4,0
4844,4,0
4845,4,0
4846,4,0
4847,4,0
4848,4,0
4849,4,0
4850,4,0
4851,0,3
4852,0,3
4853,0,3
4854,0,3
4855,0,3
4856,0,3
4857,0,3
4858,0,3
4859,0,3
4860,0,3
4861,0,3
4862,0,3
4863,0,3
4864,0,3
4865,0,3
4866,0,3
4867,0,3
4868,0,3
4869,0,3
4870,0,3
4871,0,3
4872,0,3
4873,0,3
4874,0,3
4875,0,3
4876,0,3
4877,0,3
4878,0,3
4879,0,3
4880,0,3
4881,0,3
4882,0,3
4883,0,3
4884,0,3
4885,0,3
4886,0,3
4887,0,3
4888,0,3
4889,0,3
4890,0,3
4891,0,3
4892,0,3
4893,0,3
4894,0,3
4895,0,3
4896,0,3
4897,0,3
4898,0,3
4899,0,3
4900,0,3
4901,0,3
4902,0,3
4903,0,3
4904,0,3
4905,0,3
4906,0,3
4907,0,3
4908,0,3
4909,0,3
4910,0,3
4911,0,3
4912,4,0
4913,4,0
4914,4,0
4915,4,0
4916,8,0
4917,8,2
4918,8,2
4919,8,2
4920,8,2
4921,3,2
4922,3,2
4923,3,2
4924,3,5
4925,3,5
4926,6,5
4927,6,5
4928,1,4
4929,1,4
4930,10,4
4931,10,6
4932,9,6
4933,9,6
4934,9,6
4935,9,6
4936,9,6
4937,2,6
4938,2,6
4939,2,1
4940,2,1
4941,7,1
4942,7,1
4943,7,1
4944,7,1
4945,7,1
4946,7,3
4947,0,3
4948,0,3
4949,0,3
4950,0,3
4951,0,3
4952,0,3
4953,0,3
4954,0,3
4955,0,3
4956,0,3
4957,0,3
4958,0,3
4959,0,3
4960,0,3
4961,0,3
4962,0,3
4963,0,3
4964,0,3
4965,0,3
4966,0,3
4967,0,3
4968,0,3
4969,0,3
4970,0,3
4971,0,3
4972,0,3
4973,0,3
4974,0,3
4975,0,3
4976,0,3
4977,0,3
4978,0,3
4979,0,3
4980,0,3
4981,0,3
4982,0,3
4983,4,3
4984,4,0
4985,4,0
4986,4,0
4987,4,0
4988,4,0
4989,4,0
4990,4,0
4991,4,0
4992,4,0
4993,4,0
4994,4,0
4995,4,0
4996,4,0
4997,4,0
4998,4,0
4999,4,0
